{
    "geography": {
      "k": {
        "key": "yn29gls8mjbt4"
      },
      "t": 3,
      "l": {
        "ln": -88.135090000000005,
        "lt": 41.762880000000003
      },
      "d": "60540, Naperville, IL",
      "v": 26464,
      "bb": {
        "br": {
          "lt": 41.732700000000001,
          "ln": -88.064070000000001
        },
        "tl": {
          "ln": -88.206109999999995,
          "lt": 41.79307
        }
      },
      "a": {
        "countryCode": "US",
        "state": "IL",
        "city": "Naperville",
        "postalCode": "60540"
      }
    },
    "boundedGeo": 0,
    "filters": {
      "minBaths": 2,
      "minBeds": 3,
      "maxBeds": 5,
      "amenityType": [
  53
      ],
      "listingType": [
  1,
  64,
  8,
  4,
  16
      ],
      "transaction": 1,
      "sortType": 0,
      "listingStatus": [
  5,
  7
      ],
      "maxPrice": 475000,
      "maxBaths": 5,
      "minPrice": 225000
    },
    "mapCriteria": {
      "boundingBox": {
        "tl": {
          "ln": -88.206109999999995,
          "lt": 41.79307
        },
        "br": {
          "ln": -88.064070000000001,
          "lt": 41.732700000000001
        }
      }
    }
  }